<?xml version="1.0" encoding="UTF-8"?>
<project-private xmlns="http://www.netbeans.org/ns/project-private/1">
    <editor-bookmarks xmlns="http://www.netbeans.org/ns/editor-bookmarks/2" lastBookmarkId="0"/>
    <open-files xmlns="http://www.netbeans.org/ns/projectui-open-files/2">
        <group>
            <file>file:/C:/OOP/OOP%20Assignment/src/oop/assignment/LecturerApproveReject.java</file>
            <file>file:/C:/OOP/OOP%20Assignment/src/oop/assignment/StudentViewResult.java</file>
            <file>file:/C:/OOP/OOP%20Assignment/src/oop/assignment/LecturerFeedback.java</file>
            <file>file:/C:/OOP/OOP%20Assignment/src/oop/assignment/DefaltTableModel.java</file>
            <file>file:/C:/OOP/OOP%20Assignment/src/oop/assignment/StudentRegis.java</file>
            <file>file:/C:/OOP/OOP%20Assignment/src/oop/assignment/StudentCancelOrReschedule.java</file>
            <file>file:/C:/OOP/OOP%20Assignment/src/oop/assignment/LecturerViewAppointments.java</file>
            <file>file:/C:/OOP/OOP%20Assignment/src/oop/assignment/LecturerMain.java</file>
            <file>file:/C:/OOP/OOP%20Assignment/src/oop/assignment/WelcomePage.java</file>
            <file>file:/C:/OOP/OOP%20Assignment/src/oop/assignment/StudentLogin.java</file>
            <file>file:/C:/OOP/OOP%20Assignment/src/oop/assignment/profile.java</file>
            <file>file:/C:/OOP/OOP%20Assignment/src/oop/assignment/StudentMain.java</file>
            <file>file:/C:/OOP/OOP%20Assignment/src/oop/assignment/LecturerManageConsultation.java</file>
            <file>file:/C:/OOP/OOP%20Assignment/src/oop/assignment/StudentViewAppointments.java</file>
            <file>file:/C:/OOP/OOP%20Assignment/src/oop/assignment/OOPAssignment.java</file>
            <file>file:/C:/OOP/OOP%20Assignment/src/oop/assignment/LecturerViewFeedback.java</file>
            <file>file:/C:/OOP/OOP%20Assignment/src/oop/assignment/StudentFeedback.java</file>
            <file>file:/C:/OOP/OOP%20Assignment/src/oop/assignment/LecturerRegis.java</file>
            <file>file:/C:/OOP/OOP%20Assignment/src/jTableImport.java</file>
            <file>file:/C:/OOP/OOP%20Assignment/src/oop/assignment/LecturerLogin.java</file>
            <file>file:/C:/OOP/OOP%20Assignment/src/oop/assignment/StudentMakeConsultation.java</file>
        </group>
    </open-files>
</project-private>
